index,residue,burial_state,exposure,ss,rmsf,confidence,p_err_lt_2A
1,T,exposed,0.954,E,1.374,63.3,0.7803
2,F,exposed,0.946,E,1.707,56.6,0.7049
3,T,exposed,0.859,H,2.142,49.0,0.6036
4,S,exposed,0.764,H,1.48,61.1,0.7571
5,D,exposed,0.645,H,1.246,66.0,0.8065
6,V,intermediate,0.549,H,2.179,48.4,0.5951
7,S,intermediate,0.505,H,1.921,52.7,0.6547
8,S,intermediate,0.421,H,2.444,44.3,0.5355
9,Y,buried,0.277,H,0.743,78.1,0.8951
10,L,buried,0.231,H,1.455,61.6,0.7625
11,E,buried,0.237,H,1.247,66.0,0.8065
12,G,buried,0.146,H,2.758,39.9,0.4704
13,Q,buried,0.0,H,1.129,68.6,0.8294
14,A,buried,0.202,H,1.959,52.0,0.6452
15,A,buried,0.302,H,2.009,51.2,0.6343
16,K,buried,0.28,H,1.002,71.6,0.8531
17,E,buried,0.366,H,2.345,45.8,0.5575
18,F,intermediate,0.506,H,2.206,47.9,0.5879
19,I,intermediate,0.58,H,1.768,55.5,0.6911
20,A,exposed,0.628,H,2.083,49.9,0.6163
21,W,exposed,0.735,E,1.778,55.3,0.6886
22,L,exposed,0.866,H,1.837,54.2,0.6745
23,V,exposed,0.92,E,1.045,70.6,0.8455
24,K,exposed,1.0,E,2.899,38.0,0.4425
