index,residue,burial_state,exposure,ss
1,D,buried,0.352,E
2,G,buried,0.105,E
3,Y,buried,0.0,E
4,L,buried,0.16,H
5,V,buried,0.243,H
6,E,intermediate,0.526,E
7,K,exposed,0.779,G
8,T,exposed,0.818,H
9,G,intermediate,0.57,H
10,C,exposed,0.629,H
11,K,buried,0.364,E
12,K,buried,0.364,E
13,T,intermediate,0.487,C
14,C,exposed,0.625,E
15,Y,exposed,0.82,C
16,K,exposed,0.798,C
17,L,exposed,0.75,C
18,G,exposed,0.753,E
19,E,exposed,0.677,H
20,N,exposed,0.608,E
21,D,exposed,0.629,G
22,F,intermediate,0.597,H
23,C,buried,0.315,G
24,N,intermediate,0.467,H
25,R,intermediate,0.476,G
26,E,buried,0.262,G
27,C,buried,0.164,E
28,K,buried,0.35,H
29,W,intermediate,0.429,H
30,K,buried,0.288,H
31,H,intermediate,0.454,H
32,I,exposed,0.667,H
33,G,exposed,0.609,H
34,G,intermediate,0.463,C
35,S,exposed,0.641,H
36,Y,intermediate,0.524,E
37,G,buried,0.247,E
38,Y,buried,0.308,E
39,C,intermediate,0.401,C
40,Y,intermediate,0.488,E
41,G,exposed,0.687,H
42,F,intermediate,0.578,C
43,G,intermediate,0.427,E
44,C,buried,0.2,C
45,Y,buried,0.08,E
46,C,buried,0.131,E
47,E,buried,0.377,G
48,G,intermediate,0.509,H
49,L,intermediate,0.554,H
50,P,exposed,0.729,H
51,D,exposed,0.694,H
52,S,exposed,0.773,G
53,T,intermediate,0.55,G
54,Q,buried,0.392,G
55,T,buried,0.238,H
56,W,buried,0.256,E
57,P,buried,0.4,G
58,L,intermediate,0.581,G
59,P,exposed,0.821,H
60,N,exposed,0.906,H
61,K,exposed,1.0,C
62,T,exposed,0.884,E
