index,residue,burial_state,exposure,ss,rmsf
1,Q,intermediate,0.529,E,0.008
2,I,buried,0.311,E,0.024
3,F,buried,0.267,E,0.062
4,V,buried,0.109,G,0.02
5,K,buried,0.306,G,0.036
6,T,buried,0.384,E,0.027
7,L,intermediate,0.586,H,0.026
8,T,exposed,0.754,G,0.008
9,G,exposed,0.704,G,0.022
10,K,exposed,0.62,E,0.022
11,T,intermediate,0.482,E,0.016
12,I,buried,0.362,G,0.036
13,T,intermediate,0.407,G,0.031
14,L,buried,0.309,G,0.014
15,E,intermediate,0.477,G,0.03
16,V,intermediate,0.4,E,0.02
17,E,intermediate,0.567,E,0.02
18,P,intermediate,0.573,H,0.035
19,S,exposed,0.648,H,0.023
20,D,intermediate,0.439,E,0.021
21,T,buried,0.37,E,0.033
22,I,buried,0.138,H,0.029
23,E,buried,0.276,H,0.009
24,N,buried,0.305,H,0.005
25,V,buried,0.056,H,0.043
26,K,buried,0.075,H,0.014
27,A,buried,0.321,H,0.023
28,K,buried,0.281,H,0.03
29,I,buried,0.177,H,0.016
30,Q,buried,0.391,H,0.01
31,D,intermediate,0.546,H,0.031
32,K,intermediate,0.508,G,0.019
33,E,intermediate,0.507,E,0.019
34,G,exposed,0.627,H,0.009
35,I,intermediate,0.47,E,0.006
36,P,intermediate,0.51,G,0.019
37,P,buried,0.34,H,0.03
38,D,intermediate,0.502,H,0.01
39,Q,intermediate,0.481,H,0.022
40,Q,buried,0.215,E,0.011
41,R,buried,0.204,G,0.03
42,L,buried,0.0,G,0.012
43,I,buried,0.186,C,0.049
44,F,buried,0.273,E,0.023
45,A,intermediate,0.542,H,0.018
46,G,intermediate,0.597,H,0.063
47,K,intermediate,0.512,E,0.028
48,Q,buried,0.366,G,0.015
49,L,buried,0.233,G,0.015
50,E,buried,0.389,G,0.046
51,D,buried,0.363,G,0.033
52,G,intermediate,0.572,H,0.007
53,R,intermediate,0.51,E,0.007
54,T,intermediate,0.455,E,0.009
55,L,buried,0.332,H,0.024
56,S,intermediate,0.593,H,0.067
57,D,exposed,0.634,H,0.038
58,Y,intermediate,0.497,G,0.018
59,N,exposed,0.621,H,0.023
60,I,intermediate,0.417,E,0.008
61,Q,intermediate,0.582,E,0.033
62,K,exposed,0.632,H,0.017
63,E,intermediate,0.586,H,0.021
64,S,intermediate,0.425,E,0.03
65,T,buried,0.302,E,0.034
66,L,buried,0.089,G,0.014
67,H,buried,0.172,E,0.038
68,L,buried,0.122,G,0.058
69,V,buried,0.341,G,0.022
70,L,intermediate,0.464,G,0.026
71,R,exposed,0.624,C,0.03
72,L,exposed,0.859,G,0.018
73,R,exposed,1.0,E,0.01
74,G,exposed,0.892,E,0.025
